Workbook
Name AUSTRALIA: #REF!
Name CANADA: #REF!
Name MEXICO: #REF!
Name NUTS1: #REF!
Name SOUTHERN_AFRICA: #REF!

Sheet maksa
A1: Preces cena ir 3,20 eiro. Ja pēr 3 vai vairāk vienādas preces, par katru preci jāmaksā tikai 2,90 eiro. Uzrakstīt formulu kas aprēķina maksu par pirkumu
A3: Daudzums | B3: Maksa (ja pērk 3 un vairāk, jāmaksā mazāk)
A4: 1 | B4: =IF(A4>=3,A4*2.9,A4*3.2) -> 3.2
A5: 2 | B5: =IF(A5>=3,A5*2.9,A5*3.2) -> 6.4
A6: 3 | B6: =IF(A6>=3,A6*2.9,A6*3.2) -> 8.7
A7: 4 | B7: =IF(A7>=3,A7*2.9,A7*3.2) -> 11.6

Sheet trijst
A1: Dots:
A2: leņķis grādos starp trijstūra malām a un b: | G2: 24
A3: malu a un b garumi
A4: Aprēķināt:
A5: visus iespējamos malas c garumus pēc kosinusu teorēmas
A8: b a | B8: 1 | C8: 3 | D8: 5 | E8: 7 | F8: 9 | G8: 11 | H8: 13 | I8: 15 | J8: 17 | K8: 19
A9: 2 | B9: =SQRT(A9^2+$B$8^2-2*A9*$B$8*COS(RADIANS(24))) -> 1.160094 | C9: =SQRT($A9^2+$C$8^2-2*$A9*$C$8*COS(RADIANS(24))) -> 1.4273943 | D9: =SQRT($A9^2+$D$8^2-2*$A9*$D$8*COS(RADIANS(24))) -> 3.2755291 | E9: =SQRT($A9^2+$E$8^2-2*$A9*$E$8*COS(RADIANS(24))) -> 5.2364804 | F9: =SQRT($A9^2+$F$8^2-2*$A9*$F$8*COS(RADIANS(24))) -> 7.2188894 | G9: =SQRT($A9^2+$G$8^2-2*$A9*$G$8*COS(RADIANS(24))) -> 9.2089087 | H9: =SQRT($A9^2+$H$8^2-2*$A9*$H$8*COS(RADIANS(24))) -> 11.202483 | I9: =SQRT($A9^2+$I$8^2-2*$A9*$I$8*COS(RADIANS(24))) -> 13.198003 | J9: =SQRT($A9^2+$J$8^2-2*$A9*$J$8*COS(RADIANS(24))) -> 15.1947 | K9: =SQRT($A9^2+$K$8^2-2*$A9*$K$8*COS(RADIANS(24))) -> 17.192165
A10: 4 | B10: =SQRT(A10^2+$B$8^2-2*A10*$B$8*COS(RADIANS(24))) -> 3.1131393 | C10: =SQRT($A10^2+$C$8^2-2*$A10*$C$8*COS(RADIANS(24))) -> 1.7535418 | D10: =SQRT($A10^2+$D$8^2-2*$A10*$D$8*COS(RADIANS(24))) -> 2.1114407 | E10: =SQRT($A10^2+$E$8^2-2*$A10*$E$8*COS(RADIANS(24))) -> 3.7204105 | F10: =SQRT($A10^2+$F$8^2-2*$A10*$F$8*COS(RADIANS(24))) -> 5.587909 | G10: =SQRT($A10^2+$G$8^2-2*$A10*$G$8*COS(RADIANS(24))) -> 7.5238288 | H10: =SQRT($A10^2+$H$8^2-2*$A10*$H$8*COS(RADIANS(24))) -> 9.486373 | I10: =SQRT($A10^2+$I$8^2-2*$A10*$I$8*COS(RADIANS(24))) -> 11.461874 | J10: =SQRT($A10^2+$J$8^2-2*$A10*$J$8*COS(RADIANS(24))) -> 13.44462 | K10: =SQRT($A10^2+$K$8^2-2*$A10*$K$8*COS(RADIANS(24))) -> 15.431821
A11: 6 | B11: =SQRT(A11^2+$B$8^2-2*A11*$B$8*COS(RADIANS(24))) -> 5.1026909 | C11: =SQRT($A11^2+$C$8^2-2*$A11*$C$8*COS(RADIANS(24))) -> 3.4802821 | D11: =SQRT($A11^2+$D$8^2-2*$A11*$D$8*COS(RADIANS(24))) -> 2.4874229 | E11: =SQRT($A11^2+$E$8^2-2*$A11*$E$8*COS(RADIANS(24))) -> 2.8744011 | F11: =SQRT($A11^2+$F$8^2-2*$A11*$F$8*COS(RADIANS(24))) -> 4.2821829 | G11: =SQRT($A11^2+$G$8^2-2*$A11*$G$8*COS(RADIANS(24))) -> 6.0342356 | H11: =SQRT($A11^2+$H$8^2-2*$A11*$H$8*COS(RADIANS(24))) -> 7.9048661 | I11: =SQRT($A11^2+$I$8^2-2*$A11*$I$8*COS(RADIANS(24))) -> 9.8265873 | J11: =SQRT($A11^2+$J$8^2-2*$A11*$J$8*COS(RADIANS(24))) -> 11.77441 | K11: =SQRT($A11^2+$K$8^2-2*$A11*$K$8*COS(RADIANS(24))) -> 13.737235
A12: 8 | B12: =SQRT(A12^2+$B$8^2-2*A12*$B$8*COS(RADIANS(24))) -> 7.0981175 | C12: =SQRT($A12^2+$C$8^2-2*$A12*$C$8*COS(RADIANS(24))) -> 5.3990571 | D12: =SQRT($A12^2+$D$8^2-2*$A12*$D$8*COS(RADIANS(24))) -> 3.9895317 | E12: =SQRT($A12^2+$E$8^2-2*$A12*$E$8*COS(RADIANS(24))) -> 3.2684719 | F12: =SQRT($A12^2+$F$8^2-2*$A12*$F$8*COS(RADIANS(24))) -> 3.6673497 | G12: =SQRT($A12^2+$G$8^2-2*$A12*$G$8*COS(RADIANS(24))) -> 4.9209755 | H12: =SQRT($A12^2+$H$8^2-2*$A12*$H$8*COS(RADIANS(24))) -> 6.5561074 | I12: =SQRT($A12^2+$I$8^2-2*$A12*$I$8*COS(RADIANS(24))) -> 8.3515921 | J12: =SQRT($A12^2+$J$8^2-2*$A12*$J$8*COS(RADIANS(24))) -> 10.223289 | K12: =SQRT($A12^2+$K$8^2-2*$A12*$K$8*COS(RADIANS(24))) -> 12.135987
A13: 10 | B13: =SQRT(A13^2+$B$8^2-2*A13*$B$8*COS(RADIANS(24))) -> 9.0955534 | C13: =SQRT($A13^2+$C$8^2-2*$A13*$C$8*COS(RADIANS(24))) -> 7.3612005 | D13: =SQRT($A13^2+$D$8^2-2*$A13*$D$8*COS(RADIANS(24))) -> 5.8004702 | E13: =SQRT($A13^2+$E$8^2-2*$A13*$E$8*COS(RADIANS(24))) -> 4.5938694 | F13: =SQRT($A13^2+$F$8^2-2*$A13*$F$8*COS(RADIANS(24))) -> 4.0696213 | G13: =SQRT($A13^2+$G$8^2-2*$A13*$G$8*COS(RADIANS(24))) -> 4.4743714 | H13: =SQRT($A13^2+$H$8^2-2*$A13*$H$8*COS(RADIANS(24))) -> 5.610542 | I13: =SQRT($A13^2+$I$8^2-2*$A13*$I$8*COS(RADIANS(24))) -> 7.1369715 | J13: =SQRT($A13^2+$J$8^2-2*$A13*$J$8*COS(RADIANS(24))) -> 8.8540694 | K13: =SQRT($A13^2+$K$8^2-2*$A13*$K$8*COS(RADIANS(24))) -> 10.670179
A14: 12 | B14: =SQRT(A14^2+$B$8^2-2*A14*$B$8*COS(RADIANS(24))) -> 11.093913 | C14: =SQRT($A14^2+$C$8^2-2*$A14*$C$8*COS(RADIANS(24))) -> 9.3394179 | D14: =SQRT($A14^2+$D$8^2-2*$A14*$D$8*COS(RADIANS(24))) -> 7.705488 | E14: =SQRT($A14^2+$E$8^2-2*$A14*$E$8*COS(RADIANS(24))) -> 6.2868405 | F14: =SQRT($A14^2+$F$8^2-2*$A14*$F$8*COS(RADIANS(24))) -> 5.2606255 | G14: =SQRT($A14^2+$G$8^2-2*$A14*$G$8*COS(RADIANS(24))) -> 4.8809834 | H14: =SQRT($A14^2+$H$8^2-2*$A14*$H$8*COS(RADIANS(24))) -> 5.289028 | I14: =SQRT($A14^2+$I$8^2-2*$A14*$I$8*COS(RADIANS(24))) -> 6.334322 | J14: =SQRT($A14^2+$J$8^2-2*$A14*$J$8*COS(RADIANS(24))) -> 7.763598 | K14: =SQRT($A14^2+$K$8^2-2*$A14*$K$8*COS(RADIANS(24))) -> 9.4033649
A15: 14 | B15: =SQRT(A15^2+$B$8^2-2*A15*$B$8*COS(RADIANS(24))) -> 13.092774 | C15: =SQRT($A15^2+$C$8^2-2*$A15*$C$8*COS(RADIANS(24))) -> 11.325289 | D15: =SQRT($A15^2+$D$8^2-2*$A15*$D$8*COS(RADIANS(24))) -> 9.6490225 | E15: =SQRT($A15^2+$E$8^2-2*$A15*$E$8*COS(RADIANS(24))) -> 8.1206582 | F15: =SQRT($A15^2+$F$8^2-2*$A15*$F$8*COS(RADIANS(24))) -> 6.8400691 | G15: =SQRT($A15^2+$G$8^2-2*$A15*$G$8*COS(RADIANS(24))) -> 5.9689194 | H15: =SQRT($A15^2+$H$8^2-2*$A15*$H$8*COS(RADIANS(24))) -> 5.6981974 | I15: =SQRT($A15^2+$I$8^2-2*$A15*$I$8*COS(RADIANS(24))) -> 6.1082655 | J15: =SQRT($A15^2+$J$8^2-2*$A15*$J$8*COS(RADIANS(24))) -> 7.0818332 | K15: =SQRT($A15^2+$K$8^2-2*$A15*$K$8*COS(RADIANS(24))) -> 8.4257828
A16: 16 | B16: =SQRT(A16^2+$B$8^2-2*A16*$B$8*COS(RADIANS(24))) -> 15.091936 | C16: =SQRT($A16^2+$C$8^2-2*$A16*$C$8*COS(RADIANS(24))) -> 13.315391 | D16: =SQRT($A16^2+$D$8^2-2*$A16*$D$8*COS(RADIANS(24))) -> 11.61175 | E16: =SQRT($A16^2+$E$8^2-2*$A16*$E$8*COS(RADIANS(24))) -> 10.018274 | F16: =SQRT($A16^2+$F$8^2-2*$A16*$F$8*COS(RADIANS(24))) -> 8.5964474 | G16: =SQRT($A16^2+$G$8^2-2*$A16*$G$8*COS(RADIANS(24))) -> 7.4452669 | H16: =SQRT($A16^2+$H$8^2-2*$A16*$H$8*COS(RADIANS(24))) -> 6.7056014 | I16: =SQRT($A16^2+$I$8^2-2*$A16*$I$8*COS(RADIANS(24))) -> 6.5190628 | J16: =SQRT($A16^2+$J$8^2-2*$A16*$J$8*COS(RADIANS(24))) -> 6.9304597 | K16: =SQRT($A16^2+$K$8^2-2*$A16*$K$8*COS(RADIANS(24))) -> 7.8462961
A17: 18 | B17: =SQRT(A17^2+$B$8^2-2*A17*$B$8*COS(RADIANS(24))) -> 17.091295 | C17: =SQRT($A17^2+$C$8^2-2*$A17*$C$8*COS(RADIANS(24))) -> 15.308073 | D17: =SQRT($A17^2+$D$8^2-2*$A17*$D$8*COS(RADIANS(24))) -> 13.585353 | E17: =SQRT($A17^2+$E$8^2-2*$A17*$E$8*COS(RADIANS(24))) -> 11.949332 | F17: =SQRT($A17^2+$F$8^2-2*$A17*$F$8*COS(RADIANS(24))) -> 10.440846 | G17: =SQRT($A17^2+$G$8^2-2*$A17*$G$8*COS(RADIANS(24))) -> 9.1233765 | H17: =SQRT($A17^2+$H$8^2-2*$A17*$H$8*COS(RADIANS(24))) -> 8.0907803 | I17: =SQRT($A17^2+$I$8^2-2*$A17*$I$8*COS(RADIANS(24))) -> 7.4622686 | J17: =SQRT($A17^2+$J$8^2-2*$A17*$J$8*COS(RADIANS(24))) -> 7.3423552 | K17: =SQRT($A17^2+$K$8^2-2*$A17*$K$8*COS(RADIANS(24))) -> 7.75467
A18: 20 | B18: =SQRT(A18^2+$B$8^2-2*A18*$B$8*COS(RADIANS(24))) -> 19.090788 | C18: =SQRT($A18^2+$C$8^2-2*$A18*$C$8*COS(RADIANS(24))) -> 17.302443 | D18: =SQRT($A18^2+$D$8^2-2*$A18*$D$8*COS(RADIANS(24))) -> 15.565697 | E18: =SQRT($A18^2+$E$8^2-2*$A18*$E$8*COS(RADIANS(24))) -> 13.899902 | F18: =SQRT($A18^2+$F$8^2-2*$A18*$F$8*COS(RADIANS(24))) -> 12.333841 | G18: =SQRT($A18^2+$G$8^2-2*$A18*$G$8*COS(RADIANS(24))) -> 10.910545 | H18: =SQRT($A18^2+$H$8^2-2*$A18*$H$8*COS(RADIANS(24))) -> 9.693109 | I18: =SQRT($A18^2+$I$8^2-2*$A18*$I$8*COS(RADIANS(24))) -> 8.7677092 | J18: =SQRT($A18^2+$J$8^2-2*$A18*$J$8*COS(RADIANS(24))) -> 8.2334129 | K18: =SQRT($A18^2+$K$8^2-2*$A18*$K$8*COS(RADIANS(24))) -> 8.1673406

Sheet malas
A1: Šūnu apgabalu D5:F8 aizpildīt ar formulām, kas nosaka vai ir spēkā visas trijstūra nevienādibas. Izveidotās fomulas izmantot, lai G kolonnā noskaidrotu, var vai nevar konstruēt trijstūri
A3: Nogriežņu garumi | D3: Trijstūra nevienādības | G3: vai var konstruēt trijstūri?
A4: a | B4: b | C4: c | D4: a+b>c | E4: a+c>b | F4: b+c>a | G4: jā/nē
A5: 3 | B5: 4 | C5: 5 | D5: =IF(A5+B5>C5, "Patiess", "Nepatiess") -> Patiess | E5: =IF(A5+C5>B5, "Patiess", "Nepatiess") -> Patiess | F5: =IF(B5+C5>A6, "Patiess", "Nepatiess") -> Patiess | G5: =IF(AND(D5="Patiess",E5="Patiess",F5="Patiess"), "Jā", "Nē") -> Jā
A6: 4 | B6: 2 | C6: 2 | D6: =IF(A6+B6>C6, "Patiess", "Nepatiess") -> Patiess | E6: =IF(A6+C6>B6, "Patiess", "Nepatiess") -> Patiess | F6: =IF(B6+C6>A7, "Patiess", "Nepatiess") -> Patiess | G6: =IF(AND(D6="Patiess",E6="Patiess",F6="Patiess"), "Jā", "Nē") -> Jā
A7: 1 | B7: 2 | C7: 3 | D7: =IF(A7+B7>C7, "Patiess", "Nepatiess") -> Nepatiess | E7: =IF(A7+C7>B7, "Patiess", "Nepatiess") -> Patiess | F7: =IF(B7+C7>A8, "Patiess", "Nepatiess") -> Nepatiess | G7: =IF(AND(D7="Patiess",E7="Patiess",F7="Patiess"), "Jā", "Nē") -> Nē
A8: 20 | B8: 14 | C8: 12 | D8: =IF(A8+B8>C8, "Patiess", "Nepatiess") -> Patiess | E8: =IF(A8+C8>B8, "Patiess", "Nepatiess") -> Patiess | F8: =IF(B8+C8>A9, "Patiess", "Nepatiess") -> Patiess | G8: =IF(AND(D8="Patiess",E8="Patiess",F8="Patiess"), "Jā", "Nē") -> Jā

Sheet vārdi
A1: E kolonnā jāievada formula, kas atrod A kolonnā dotā personvārda locījumu vokatīvā, izmantojot datus no C un D kolonnām
A3: Vārds nominatīvā | B3: Cik burti vārdā | C3: Pēdējais burts | D3: Vārds bez pēdējā burta | E3: Uzruna (vārds vokatīvā)
A4: Aija | B4: =LEN(A4) -> 4 | C4: =RIGHT(A4,1) -> a | D4: =LEFT(A4,B4-1) -> Aij | E4: =IF(vārdi!B4<=4,A4,D4) -> Aija
A5: Dace | B5: =LEN(A5) -> 4 | C5: =RIGHT(A5,1) -> e | D5: =LEFT(A5,B5-1) -> Dac | E5: =IF(vārdi!B5<=4,A5,D5) -> Dace
A6: Jānis | B6: =LEN(A6) -> 5 | C6: =RIGHT(A6,1) -> s | D6: =LEFT(A6,B6-1) -> Jāni | E6: =IF(vārdi!B6<=4,A6,D6) -> Jāni
A7: Mārtiņš | B7: =LEN(A7) -> 7 | C7: =RIGHT(A7,1) -> š | D7: =LEFT(A7,B7-1) -> Mārtiņ | E7: =IF(vārdi!B7<=4,A7,D7) -> Mārtiņ
A8: Ivo | B8: =LEN(A8) -> 3 | C8: =RIGHT(A8,1) -> o | D8: =LEFT(A8,B8-1) -> Iv | E8: =IF(vārdi!B8<=4,A8,D8) -> Ivo
A9: Sandis | B9: =LEN(A9) -> 6 | C9: =RIGHT(A9,1) -> s | D9: =LEFT(A9,B9-1) -> Sandi | E9: =IF(vārdi!B9<=4,A9,D9) -> Sandi
A10: Dāvis | B10: =LEN(A10) -> 5 | C10: =RIGHT(A10,1) -> s | D10: =LEFT(A10,B10-1) -> Dāvi | E10: =IF(vārdi!B10<=4,A10,D10) -> Dāvi
A11: Kārlis | B11: =LEN(A11) -> 6 | C11: =RIGHT(A11,1) -> s | D11: =LEFT(A11,B11-1) -> Kārli | E11: =IF(vārdi!B11<=4,A11,D11) -> Kārli
A12: Markuss | B12: =LEN(A12) -> 7 | C12: =RIGHT(A12,1) -> s | D12: =LEFT(A12,B12-1) -> Markus | E12: =IF(vārdi!B12<=4,A12,D12) -> Markus
A13: Mārcis | B13: =LEN(A13) -> 6 | C13: =RIGHT(A13,1) -> s | D13: =LEFT(A13,B13-1) -> Mārci | E13: =IF(vārdi!B13<=4,A13,D13) -> Mārci
A14: Mikus | B14: =LEN(A14) -> 5 | C14: =RIGHT(A14,1) -> s | D14: =LEFT(A14,B14-1) -> Miku | E14: =IF(vārdi!B14<=4,A14,D14) -> Miku
A15: Klāvs | B15: =LEN(A15) -> 5 | C15: =RIGHT(A15,1) -> s | D15: =LEFT(A15,B15-1) -> Klāv | E15: =IF(vārdi!B15<=4,A15,D15) -> Klāv

Sheet skatļi
A1: B kolonnā jāivada fomula, kas atkarībā no A kolonnas atbilstošās šūnas vērtības parāda tekstu "cents" vai "centi". A kolonnas vērtības vienmēr būs intervālā [1;99].
A3: Summa centos | B3: Apzīmējums (Centi vai cents)
A4: 25
A5: 1
A6: 2
A7: 9
A8: 10
A9: 11
A10: 12
A11: 21
A12: 99
A13: 91

Sheet zaļais
A1: Dots:
A2: c | B2: 10
A3: Zināms, ka visi trijstūri zaļajā figūrā ir taisnleņķa vienādsānu trijstūri.
A6: Aprēķināt
A7: zaļās figūras tilpumu
A8: zaļās figūras virsmas laukumu
A10: palīgdarbības:
A11: mazā trijstūra katetes garums
A12: lielā trijstūra katetes garums
A13: mazā trijstūra laukums
A14: lielā trijstūra laukums
A15: mazās trijstūrveida figūras (cauruma) tilpums
A16: lielās trijstūrveida figūras tilpums
